{"cameraMode":{"drawMode":0,"name":"Shaded","section":"Shading Mode"},"sceneLighting":true,"audioPlay":false,"sceneViewState":{"m_AlwaysRefresh":true,"showFog":true,"showSkybox":true,"showFlares":true,"showImageEffects":true,"showParticleSystems":true,"showVisualEffectGraphs":true,"m_FxEnabled":false},"in2DMode":false,"pivot":{"x":5.117735385894775,"y":5.263345241546631,"z":1.1619958877563477},"rotation":{"x":0.034675680100917819,"y":-0.0853482261300087,"z":0.002972153713926673,"w":0.995745837688446},"size":5.845638751983643,"orthographic":false}